<?xml version="1.0" encoding="UTF-8"?>
<beans xmlns="http://www.springframework.org/schema/beans"
	xmlns:context="http://www.springframework.org/schema/context"
	xmlns:tx="http://www.springframework.org/schema/tx"
	xmlns:xsi="http://www.w3.org/2001/XMLSchema-instance"
	xsi:schemaLocation="
        http://www.springframework.org/schema/beans http://www.springframework.org/schema/beans/spring-beans.xsd
        http://www.springframework.org/schema/context http://www.springframework.org/schema/context/spring-context.xsd
		http://www.springframework.org/schema/tx http://www.springframework.org/schema/tx/spring-tx.xsd">
		
	<!-- loading annotated beans -->
	<context:component-scan
		base-package="com.cdac.component" />

	<!-- DataSource configuration -->
	<!-- Issue with the below configuration is: We haven't configured the pool 
		size yet -->
	<!-- <bean name="dataSource" class="org.springframework.jdbc.datasource.DriverManagerDataSource"> 
		<property name="driverClassName" value="com.mysql.cj.jdbc.Driver" /> <property 
		name="url" value="jdbc:mysql://localhost:3306/satara" /> <property name="username" 
		value="pritam" /> <property name="password" value="pritam123" /> </bean> -->
	<bean id="dataSource"
		class="org.apache.commons.dbcp2.BasicDataSource" init-method="start">
		<property name="driverClassName"
			value="com.mysql.cj.jdbc.Driver" />
		<property name="url"
			value="jdbc:mysql://localhost:3306/satara" />
		<property name="username" value="pritam" />
		<property name="password" value="pritam123" />
		<property name="initialSize" value="3" />
	</bean>
	<!-- Spring & hibernate Integration settings -->
	<!-- this bean configuration will help us to create the EntityManager Factory & EntityManager onject-->
	<!-- Also no need of seperate META-INF/persistence.xml 
		 can be done here itself within the bean -->
	<bean id="myEmf"
		class="org.springframework.orm.jpa.LocalContainerEntityManagerFactoryBean">
		<property name="dataSource" ref="dataSource" />
		<property name="packagesToScan"
			value="com.baeldung.persistence.model" />
		<property name="jpaVendorAdapter">
			<bean
				class="org.springframework.orm.jpa.vendor.HibernateJpaVendorAdapter" />
		</property>
		<property name="jpaProperties">
			<props>
				<prop key="hibernate.hbm2ddl.auto">update</prop>
				<prop key="hibernate.show_sql">true</prop>
			</props>
		</property>
	</bean>
	
	<!-- this bean entry is responsible for providing us with the support for managing transactions
		in our application -->
	<bean id="transactionManager"
		class="org.springframework.orm.jpa.JpaTransactionManager">
		<property name="entityManagerFactory" ref="myEmf" />
	</bean>
	<tx:annotation-driven />

</beans>